{"cameraMode":{"drawMode":0,"name":"Shaded","section":"Shading Mode"},"sceneLighting":false,"audioPlay":false,"sceneViewState":{"showFog":true,"showMaterialUpdate":false,"showSkybox":false,"showFlares":true,"showImageEffects":true,"showParticleSystems":true},"in2DMode":false,"pivot":{"x":1272.5372314453125,"y":720.327880859375,"z":0.3975393772125244},"rotation":{"x":0.09466125071048737,"y":-0.011942955665290356,"z":0.0011357804760336876,"w":0.9954372644424439},"size":3.2584638595581056,"orthographic":false}